Virus name	Accession ID	Collection date	Location	Host	Additional location information	Sampling strategy	Gender	Patient age	Patient status	Last vaccinated	Passage	Specimen	Additional host information	Lineage	Clade	AA Substitutions
hCoV-19/Colombia/DC-INS-H-9648/2022	EPI_ISL_13871363	11/7/2022	South America / Colombia / Bogota	Human			unknown	unknown	Live		Original			BA.4.6	GRA	(NSP5_P132H,Spike_H69del,Spike_N658S,NSP3_G489S,Spike_L24del,NSP4_T327I,Spike_S373P,Spike_N969K,Spike_H655Y,N_R203K,Spike_V213G,Spike_G142D,Spike_A27S,Spike_Q954H,N_P13L,Spike_N501Y,Spike_P25del,N_R32del,NS3_T223I,M_Q19E,Spike_N440K,NSP4_T492I,Spike_N679K,Spike_N764K,NSP6_G107del,Spike_Y505H,Spike_D796Y,N_G204R,Spike_T478K,N_S413R,M_A63T,Spike_R346T,Spike_S371F,NS7b_L11F,N_P151S,Spike_K417N,NSP13_R392C,NSP10_A32T,Spike_F486V,Spike_T376A,NSP6_S106del,Spike_G339D,Spike_R408S,NSP14_I42V,NSP4_L264F,Spike_P681H,NSP3_T24I,N_S33del,NSP1_S135R,Spike_S375F,Spike_D405N,NSP1_F143del,Spike_Q498R,Spike_S477N,NSP1_K141del,N_E31del,NSP1_S142del,NSP15_T112I,NSP6_F108del,Spike_E484A,E_T9I,Spike_V70del,Spike_P26del,NSP12_P323L,Spike_D614G,Spike_L452R)
hCoV-19/Colombia/DC-INS-H-9676/2022	EPI_ISL_13871356	13/7/2022	South America / Colombia / Bogota	Human			unknown	unknown	Live		Original			BA.4.6	GRA	(NSP5_P132H,Spike_N658S,NSP3_G489S,Spike_L24del,NSP4_T327I,Spike_S373P,Spike_N969K,Spike_H655Y,N_R203K,Spike_V213G,Spike_G142D,Spike_A27S,Spike_Q954H,N_P13L,Spike_N501Y,Spike_P25del,N_R32del,NS3_T223I,M_Q19E,Spike_N440K,NSP4_T492I,Spike_N679K,Spike_N764K,NSP6_G107del,Spike_Y505H,Spike_D796Y,N_G204R,Spike_T478K,M_A63T,Spike_R346T,Spike_S371F,NS7b_L11F,N_P151S,Spike_K417N,Spike_F486V,Spike_T376A,NSP6_S106del,Spike_G339D,Spike_R408S,NSP14_I42V,NSP4_L264F,Spike_P681H,NSP3_T24I,N_S33del,NSP1_S135R,Spike_S375F,Spike_D405N,NSP1_F143del,Spike_Q498R,Spike_S477N,NSP1_K141del,N_E31del,NSP1_S142del,NSP15_T112I,NSP6_F108del,Spike_E484A,E_T9I,Spike_P26del,NSP12_P323L,Spike_D614G,Spike_L452R)
hCoV-19/Colombia/DC-INS-H-7959/2022	EPI_ISL_8879421	7/1/2022	South America / Colombia / Bogota	Human			Female	unknown	Live		Original			BA.1	GRA	(NSP5_P132H,Spike_H69del,Spike_T95I,Spike_A67V,Spike_Q493R,Spike_N969K,Spike_H655Y,Spike_N856K,N_R203K,Spike_G142D,NSP3_A1892T,Spike_Q954H,N_P13L,NSP3_L1266I,Spike_N501Y,N_R32del,M_Q19E,Spike_N440K,NSP4_T492I,NSP6_L105del,Spike_N679K,Spike_N764K,Spike_Y505H,NSP6_G107del,NSP6_I189V,Spike_T547K,M_D3G,Spike_D796Y,N_G204R,Spike_T478K,Spike_V143del,M_A63T,Spike_G496S,NSP6_S106del,NSP3_S1265del,NSP14_I42V,Spike_P681H,Spike_Y144del,N_S33del,Spike_Q498R,Spike_G446S,Spike_S477N,N_E31del,NSP3_K38R,Spike_E484A,E_T9I,Spike_V70del,Spike_L981F,NSP12_P323L,Spike_D614G,Spike_Y145del)
hCoV-19/Colombia/DC-INS-H-9815/2022	EPI_ISL_14291485	1/8/2022	South America / Colombia / Bogota	Human			unknown	unknown	unknown		Original			BA.4.1	GRA	(NSP5_P132H,Spike_H69del,Spike_V3G,NSP3_G489S,Spike_L24del,NSP4_T327I,Spike_N969K,Spike_H655Y,N_R203K,Spike_V213G,Spike_G142D,Spike_A27S,N_P13L,Spike_N501Y,Spike_P25del,N_R32del,NS3_T223I,Spike_T19I,Spike_N440K,NSP4_T492I,Spike_N679K,NSP6_G107del,Spike_Y505H,Spike_D796Y,N_G204R,Spike_T478K,NS7b_L11F,N_P151S,Spike_K417N,Spike_F486V,NSP6_S106del,Spike_R408S,NSP14_I42V,Spike_P681H,NSP3_T24I,N_S33del,NSP1_S135R,Spike_D405N,NSP1_F143del,Spike_Q498R,Spike_S477N,NSP1_K141del,N_E31del,NSP1_S142del,NSP15_T112I,NSP6_F108del,Spike_E484A,E_T9I,Spike_V70del,Spike_P26del,NSP12_P323L,Spike_D614G,Spike_L452R)
hCoV-19/Colombia/DC-INS-H-8057/2022	EPI_ISL_9433077	17/1/2022	South America / Colombia / Distrito Capital / Bogota	Human			Female	50	Live		Original			BA.1.1	GRA	(NSP5_P132H,Spike_H69del,Spike_T95I,Spike_A67V,NSP6_S106del,Spike_N969K,Spike_H655Y,Spike_N856K,N_R203K,Spike_G142D,NSP3_A1892T,Spike_Q954H,N_P13L,NSP3_L1266I,N_R32del,NSP3_S1265del,NSP14_I42V,Spike_P681H,Spike_Y144del,M_Q19E,N_S33del,NSP4_T492I,NSP6_L105del,Spike_N679K,Spike_N764K,NSP6_G107del,N_E31del,NSP3_K38R,NSP6_I189V,Spike_T547K,M_D3G,Spike_D796Y,N_G204R,E_T9I,Spike_V70del,Spike_L981F,Spike_V143del,M_A63T,NSP12_P323L,Spike_Y145del,Spike_D614G)
hCoV-19/Colombia/DC-INS-H-8140/2022	EPI_ISL_9433082	24/1/2022	South America / Colombia / Distrito Capital / Bogota	Human			unknown	unknown	unknown		Original			BA.1.20	GRA	(NSP5_P132H,Spike_H69del,Spike_T95I,Spike_A67V,Spike_Q493R,Spike_N969K,Spike_H655Y,Spike_N856K,N_R203K,Spike_G142D,NSP3_A1892T,Spike_Q954H,N_P13L,NSP3_L1266I,Spike_N501Y,N_R32del,M_Q19E,Spike_N440K,NSP4_T492I,NSP6_L105del,Spike_N679K,Spike_N764K,Spike_Y505H,NSP6_G107del,NSP6_I189V,Spike_T547K,Spike_D796Y,N_G204R,Spike_T478K,Spike_V143del,M_A63T,Spike_G496S,NSP6_S106del,N_P67S,NSP3_S1265del,M_A104V,NSP14_I42V,Spike_P681H,Spike_Y144del,N_S33del,Spike_Q498R,Spike_G446S,Spike_S477N,N_E31del,NSP3_K38R,Spike_E484A,E_T9I,Spike_V70del,Spike_L981F,NSP12_P323L,Spike_D614G,Spike_Y145del)
hCoV-19/Colombia/DC-INS-H-7896/2022	EPI_ISL_8562385	3/1/2022	South America / Colombia / Bogota	Human			Male	unknown	Live		Original			BA.1	GRA	(NSP5_P132H,Spike_H69del,Spike_T95I,Spike_A67V,Spike_Q493R,Spike_N969K,Spike_H655Y,Spike_N856K,N_R203K,Spike_G142D,NSP3_A1892T,Spike_Q954H,N_P13L,NSP3_L1266I,Spike_N501Y,N_R32del,M_Q19E,Spike_N440K,NSP4_T492I,NSP6_L105del,Spike_N679K,Spike_N764K,Spike_Y505H,NSP6_G107del,NSP6_I189V,Spike_T547K,Spike_D796Y,N_G204R,Spike_T478K,Spike_V143del,M_A63T,Spike_G496S,NSP6_S106del,NSP3_S1265del,NSP14_I42V,Spike_P681H,Spike_Y144del,N_S33del,Spike_Q498R,Spike_G446S,Spike_S477N,N_E31del,NSP3_K38R,Spike_E484A,Spike_V70del,Spike_L981F,Spike_D614G,Spike_Y145del)
hCoV-19/Colombia/DC-INS-H-9725/2022	EPI_ISL_14016182	18/7/2022	South America / Colombia / Bogota	Human			unknown	unknown	Live		Original			BA.4.4	GRA	(NSP5_P132H,Spike_H69del,Spike_N658S,NSP3_G489S,Spike_L24del,NSP4_T327I,Spike_S373P,Spike_N969K,Spike_H655Y,N_R203K,Spike_V213G,Spike_G142D,Spike_A27S,Spike_Q954H,NS3_L106F,N_P13L,Spike_N501Y,Spike_P25del,N_R32del,NS3_T223I,Spike_T19I,M_Q19E,Spike_N440K,NSP4_T492I,Spike_N679K,Spike_N764K,NSP6_G107del,Spike_Y505H,Spike_D796Y,N_G204R,Spike_T478K,N_S413R,M_A63T,Spike_S371F,NS7b_L11F,NSP3_T181I,N_P151S,Spike_K417N,NSP13_R392C,Spike_F486V,Spike_T376A,NSP6_S106del,Spike_G339D,Spike_R408S,NSP14_I42V,NSP4_L264F,Spike_P681H,NSP3_T24I,N_S33del,NSP1_S135R,Spike_S375F,Spike_D405N,NSP1_F143del,Spike_Q498R,Spike_S477N,NSP1_K141del,N_E31del,NSP1_S142del,NSP15_T112I,NSP6_F108del,Spike_E484A,E_T9I,Spike_V70del,Spike_P26del,NSP12_P323L,Spike_D614G,Spike_L452R)
hCoV-19/Colombia/DC-INS-H-7987/2022	EPI_ISL_8879431	11/1/2022	South America / Colombia / Bogota	Human			Male	unknown	Live		Original			B.1.617.2	GK	(N_D377Y,M_I82T,N_D63G,Spike_D950N,NS7b_T40I,NSP13_P77L,NS3_S26L,Spike_P681R,NSP6_T77A,NSP12_P323L,Spike_D614G,NSP4_V167L,NSP3_A488S,NSP14_A394V)
hCoV-19/Colombia/DC-INS-H-9759/2022	EPI_ISL_14152473	21/7/2022	South America / Colombia / Bogota	Human			unknown	unknown	Live		Original			BA.5.1	GRA	(NSP5_P132H,Spike_H69del,NSP3_G489S,Spike_L24del,NSP4_T327I,Spike_S373P,Spike_H655Y,N_R203K,Spike_V213G,Spike_G142D,Spike_A27S,N_P13L,Spike_N501Y,Spike_P25del,N_R32del,NSP12_A923T,NS3_T223I,M_Q19E,Spike_N440K,NSP4_T492I,M_D3N,Spike_N679K,NSP6_G107del,Spike_Y505H,Spike_D796Y,N_G204R,Spike_T478K,Spike_S371F,Spike_K417N,Spike_F486V,Spike_T376A,NSP6_S106del,Spike_G339D,Spike_R408S,NSP14_I42V,Spike_P681H,NSP3_T24I,N_S33del,NSP1_S135R,Spike_S375F,Spike_D405N,Spike_Q498R,Spike_S477N,N_E31del,NSP15_T112I,NSP6_F108del,Spike_E484A,E_T9I,Spike_V70del,Spike_P26del,NSP12_P323L,Spike_D614G,Spike_L452R)
hCoV-19/Colombia/DC-INS-H-9690/2022	EPI_ISL_13871355	13/7/2022	South America / Colombia / Bogota	Human			unknown	unknown	Live		Original			BA.4.1.9	GRA	(NSP5_P132H,Spike_H69del,Spike_V3G,NSP2_G262C,NSP3_G489S,Spike_L24del,NSP4_T327I,Spike_S373P,Spike_N969K,Spike_H655Y,N_R203K,Spike_V213G,Spike_G142D,Spike_A27S,Spike_Q954H,N_P13L,Spike_N501Y,Spike_P25del,N_R32del,NS3_T223I,M_Q19E,Spike_N440K,NSP4_T492I,Spike_N679K,Spike_N764K,NSP6_G107del,Spike_Y505H,Spike_D796Y,N_G204R,Spike_T478K,N_S413R,M_A63T,Spike_R346T,Spike_S371F,NS7b_L11F,N_P151S,Spike_K417N,Spike_F486V,Spike_T376A,NSP6_S106del,Spike_G339D,Spike_R408S,NSP14_I42V,NSP4_L264F,Spike_P681H,NSP3_T24I,N_S33del,NSP1_S135R,Spike_S375F,Spike_D405N,NSP1_F143del,Spike_Q498R,Spike_S477N,NSP1_K141del,N_E31del,NSP1_S142del,NSP15_T112I,NSP6_F108del,Spike_E484A,E_T9I,Spike_V70del,Spike_P26del,NSP12_P323L,Spike_D614G,Spike_L452R)
hCoV-19/Colombia/DC-INS-H-9760/2022	EPI_ISL_14152474	21/7/2022	South America / Colombia / Bogota	Human			unknown	unknown	Live		Original			BA.4.4	GRA	(NSP5_P132H,Spike_N658S,NSP3_G489S,Spike_L24del,NSP4_T327I,Spike_S373P,Spike_N969K,Spike_H655Y,N_R203K,Spike_V213G,Spike_G142D,Spike_A27S,NS3_L106F,N_P13L,Spike_N501Y,Spike_P25del,N_R32del,NS3_T223I,Spike_T19I,Spike_N440K,Spike_N679K,NSP6_G107del,Spike_Y505H,Spike_D796Y,N_G204R,Spike_T478K,Spike_S371F,NS7b_L11F,N_P151S,Spike_K417N,Spike_F486V,Spike_T376A,NSP6_S106del,Spike_G339D,Spike_R408S,NSP14_I42V,Spike_P681H,NSP4_L264F,NSP3_T24I,N_S33del,Spike_S375F,Spike_D405N,Spike_Q498R,Spike_S477N,N_E31del,NSP15_T112I,NSP6_F108del,Spike_E484A,E_T9I,Spike_P26del,NSP12_P323L,Spike_D614G,Spike_L452R)
hCoV-19/Colombia/DC-INS-H-9780/2022	EPI_ISL_14291331	25/7/2022	South America / Colombia / Bogota	Human			unknown	unknown	unknown		Original			BA.4.1	GRA	(NSP5_P132H,Spike_V3G,NSP3_G489S,Spike_L24del,NSP4_T327I,Spike_S373P,Spike_N969K,Spike_H655Y,N_R203K,Spike_V213G,Spike_G142D,Spike_A27S,N_P13L,Spike_N501Y,Spike_P25del,N_R32del,NS3_T223I,M_Q19E,Spike_N440K,NSP4_T492I,Spike_N679K,NSP6_G107del,Spike_Y505H,Spike_D796Y,N_G204R,Spike_T478K,NSP2_V447F,Spike_S371F,NS7b_L11F,N_P151S,Spike_K417N,Spike_F486V,Spike_T376A,NSP6_S106del,Spike_G339D,Spike_R408S,NSP14_I42V,NSP4_L264F,Spike_P681H,NSP2_T175S,NSP3_T24I,N_S33del,Spike_S375F,Spike_D405N,NSP1_F143del,Spike_Q498R,Spike_S477N,NSP1_K141del,N_E31del,NSP1_S142del,NSP15_T112I,NSP6_F108del,Spike_E484A,E_T9I,Spike_P26del,NSP12_P323L,Spike_D614G,Spike_L452R)
hCoV-19/Colombia/DC-INS-H-9835/2022	EPI_ISL_14583815	4/8/2022	South America / Colombia / Bogota	Human			unknown	unknown	Live		Original			BA.4.1	GRA	(NSP5_P132H,Spike_V3G,NSP3_G489S,Spike_L24del,NSP4_T327I,Spike_S373P,Spike_N969K,Spike_H655Y,N_R203K,Spike_V213G,Spike_G142D,Spike_A27S,Spike_Q954H,N_P13L,Spike_N501Y,Spike_P25del,N_R32del,NS3_T223I,Spike_T19I,M_Q19E,Spike_N440K,NSP4_T492I,NS8_L95F,Spike_N679K,Spike_N764K,NSP6_G107del,Spike_Y505H,Spike_D796Y,N_G204R,Spike_T478K,Spike_S371F,NS7b_L11F,N_P151S,Spike_K417N,Spike_F486V,Spike_T376A,NSP6_S106del,Spike_G339D,Spike_R408S,NSP14_I42V,NSP4_L264F,Spike_P681H,NSP3_T24I,N_S33del,NSP1_S135R,Spike_S375F,Spike_D405N,NSP1_F143del,Spike_Q498R,Spike_S477N,NSP1_K141del,N_E31del,NSP1_S142del,NSP6_F108del,NSP14_I502V,Spike_E484A,E_T9I,Spike_P26del,NSP12_P323L,Spike_D614G,Spike_L452R)
hCoV-19/Colombia/DC-INS-H-8177/2022	EPI_ISL_9433094	26/1/2022	South America / Colombia / Distrito Capital / Bogota	Human			Female	25	Live		Original			BA.1	GRA	(Spike_H69del,Spike_T95I,Spike_A67V,NSP6_S106del,Spike_N969K,Spike_H655Y,Spike_N856K,N_R203K,Spike_G142D,NSP3_A1892T,Spike_Q954H,N_P13L,NSP3_L1266I,N_R32del,NSP3_S1265del,NSP14_I42V,Spike_P681H,Spike_Y144del,M_Q19E,N_S33del,NSP6_L105del,Spike_N679K,Spike_N764K,NSP6_G107del,N_E31del,Spike_T547K,Spike_D796Y,N_G204R,Spike_V70del,Spike_L981F,Spike_V143del,M_A63T,NSP12_P323L,Spike_Y145del,Spike_D614G)