Virus name	Accession ID	Collection date	Location	Host	Gender	Patient age	Patient status	Passage	Lineage	AA Substitutions
hCoV-19/Colombia/MET-INS-VG-31673/2024	EPI_ISL_19191804	2024-03-21	South America / Colombia / Meta	Human	Male	61	unknown	Original	JN.1.4 (consensus call)	(NSP5_P132H,Spike_H69del,NSP3_G489S,Spike_L24del,NSP4_T327I,Spike_S373P,Spike_N969K,Spike_H655Y,Spike_E484K,Spike_R21T,NSP3_A1892T,Spike_Q954H,N_P13L,Spike_P25del,Spike_N501Y,Spike_S939F,NS3_T223I,Spike_T19I,M_Q19E,NSP4_T492I,Spike_L455S,Spike_N460K,Spike_L212I,NSP6_G107del,NSP1_T170I,Spike_E554K,NSP3_K1155R,Spike_P1143L,Spike_F486P,Spike_K356T,Spike_R408S,M_A104V,Spike_P621S,Spike_H245N,Spike_S375F,Spike_Q498R,Spike_A570V,NSP3_V238L,N_E31del,NSP6_R252K,NSP15_T112I,Spike_I332V,E_T9I,Spike_P26del,NSP12_P323L,Spike_D614G,Spike_V483del,NS7b_F19L,Spike_S50L,N_R203K,Spike_V213G,Spike_G142D,Spike_A27S,Spike_F157S,N_R32del,NSP3_N1708S,Spike_N440K,M_T30A,Spike_N679K,Spike_N764K,Spike_R403K,Spike_Y505H,Spike_L216F,M_D3H,Spike_D796Y,N_G204R,Spike_T478K,Spike_V127F,M_A63T,Spike_N481K,Spike_S371F,Spike_N450D,Spike_K417N,Spike_ins16MPLF,Spike_T376A,NSP6_S106del,Spike_V445H,Spike_P681R,NSP6_V24F,Spike_G339H,NSP14_I42V,NSP4_L264F,Spike_Y144del,NSP3_T24I,N_S33del,NSP1_S135R,N_Q229K,Spike_D405N,Spike_G446S,NSP2_A31D,Spike_S477N,Spike_A264D,Spike_N211del,NSP6_F108del,Spike_R158G,Spike_V70del,Spike_L452W,NSP9_T35I)
hCoV-19/Colombia/NSA-INS-VG-31697/2024	EPI_ISL_19270975	2024-04-09	South America / Colombia / Norte de Santander	Human	Female	70	Live	Original	JN.1.42 (consensus call)	(NSP5_P132H,Spike_H69del,NSP3_G489S,Spike_L24del,NSP4_T327I,Spike_S373P,Spike_N969K,Spike_H655Y,Spike_E484K,Spike_R21T,NSP3_A1892T,Spike_Q954H,N_P13L,Spike_P25del,Spike_N501Y,Spike_S939F,NS3_T223I,Spike_T19I,M_Q19E,NSP4_T492I,Spike_L455S,Spike_N460K,Spike_L212I,NSP6_G107del,Spike_E554K,NSP3_K1155R,Spike_P1143L,Spike_H625R,Spike_F486P,Spike_K356T,Spike_R408S,M_A104V,Spike_H245N,Spike_P621S,Spike_S375F,Spike_Q498R,Spike_A570V,NSP3_V238L,N_E31del,NSP6_R252K,NSP15_T112I,Spike_I332V,E_T9I,Spike_P26del,NSP12_P323L,Spike_D614G,Spike_V483del,NS7b_F19L,Spike_S50L,N_R203K,Spike_V213G,Spike_G142D,Spike_A27S,Spike_F157S,N_R32del,NSP3_N1708S,Spike_N440K,NSP3_P841S,M_T30A,Spike_N679K,Spike_N764K,Spike_R403K,Spike_Y505H,Spike_L216F,M_D3H,Spike_D796Y,N_G204R,Spike_T478K,N_S413R,Spike_V127F,M_A63T,Spike_N481K,Spike_S371F,Spike_N450D,NSP13_R392C,Spike_K417N,Spike_T376A,NSP6_S106del,Spike_V445H,Spike_P681R,NSP6_V24F,Spike_G339H,NSP14_I42V,NSP4_L264F,Spike_Y144del,NSP3_T24I,N_S33del,NSP1_S135R,NSP3_V1331I,N_Q229K,Spike_D405N,Spike_G446S,NSP2_A31D,Spike_S477N,NSP3_E1294G,Spike_A264D,Spike_N211del,NSP14_D132Y,NSP6_F108del,Spike_R158G,Spike_V70del,Spike_L452W,NSP9_T35I)
hCoV-19/Colombia/NSA-INS-VG-31712/2024	EPI_ISL_19270979	2024-02-27	South America / Colombia / Norte de Santander	Human	Female	38	Live	Original	JN.1.18	(NSP5_P132H,NSP2_G165D,Spike_H69del,NS7b_F19L,Spike_S50L,NSP3_G489S,Spike_L24del,NSP4_T327I,Spike_S373P,Spike_N969K,Spike_H655Y,N_R203K,Spike_V213G,Spike_G142D,Spike_R21T,NSP3_A1892T,Spike_A27S,Spike_Q954H,N_P13L,Spike_F157S,Spike_P25del,N_R32del,Spike_S939F,NS3_T223I,Spike_T19I,M_Q19E,NSP3_N1708S,M_T30A,Spike_N679K,Spike_N764K,Spike_L212I,NSP6_G107del,Spike_R403K,Spike_L216F,Spike_E554K,M_D3H,NSP3_K1155R,N_G204R,N_S413R,Spike_V127F,M_A63T,Spike_R346T,Spike_S371F,Spike_P1143L,NSP3_K401E,NSP13_R392C,Spike_K417N,Spike_T376A,NSP6_S106del,Spike_P681R,Spike_K356T,Spike_R408S,NSP6_V24F,NSP3_I456T,Spike_G339H,M_A104V,NSP14_I42V,NSP4_L264F,Spike_Y144del,NSP3_T24I,Spike_H245N,Spike_P621S,N_S33del,NSP1_S135R,Spike_S375F,N_Q229K,Spike_D405N,NSP2_A31D,Spike_A570V,NSP5_V35I,NSP3_V238L,Spike_A264D,N_E31del,Spike_N211del,NSP6_R252K,NSP15_T112I,NSP6_F108del,Spike_R158G,Spike_I332V,E_T9I,Spike_V70del,Spike_P26del,NSP9_T35I,NSP12_P323L,Spike_D614G)
hCoV-19/Colombia/SAN-INS-VG-31701/2024	EPI_ISL_19270980	2024-06-12	South America / Colombia / Santander	Human	Female	68	Live	Original	KP.2.3 (consensus call)	(NSP5_P132H,Spike_H69del,NSP3_T1465I,NSP3_G489S,Spike_L24del,NSP4_T327I,Spike_S373P,Spike_N969K,Spike_H655Y,Spike_E484K,Spike_R21T,NSP3_A1892T,Spike_Q954H,N_P13L,Spike_N501Y,Spike_P25del,Spike_S939F,NS3_T223I,Spike_T19I,M_Q19E,NSP4_T492I,Spike_L455S,Spike_N460K,Spike_L212I,NSP6_G107del,Spike_E554K,NSP3_K1155R,NS7a_E16D,Spike_P1143L,Spike_F486P,Spike_K356T,Spike_R408S,M_A104V,Spike_H245N,Spike_P621S,Spike_S375F,Spike_Q498R,Spike_A570V,NSP3_V238L,N_E31del,NSP6_R252K,NSP15_T112I,Spike_I332V,E_T9I,Spike_P26del,NSP12_P323L,Spike_D614G,Spike_V483del,NS7b_F19L,Spike_S50L,N_R203K,Spike_V213G,Spike_G142D,Spike_A27S,Spike_F157S,N_R32del,Spike_H146Q,NSP3_N1708S,Spike_N440K,Spike_F456L,M_T30A,Spike_N679K,Spike_N764K,Spike_R403K,Spike_Y505H,Spike_L216F,M_D3H,Spike_D796Y,N_G204R,Spike_T478K,N_S413R,Spike_V127F,NS3_K67N,M_A63T,Spike_V1104L,Spike_R346T,Spike_N481K,Spike_S371F,Spike_S31del,Spike_N450D,NSP13_R392C,Spike_K417N,Spike_T376A,NSP6_S106del,Spike_V445H,Spike_P681R,NSP6_V24F,Spike_G339H,NSP14_I42V,NSP4_L264F,Spike_Y144del,NSP3_T24I,N_S33del,NSP1_S135R,N_Q229K,Spike_D405N,Spike_G446S,NSP2_A31D,Spike_S477N,Spike_A264D,Spike_N211del,NSP6_F108del,Spike_R158G,Spike_V70del,Spike_L452W,NSP9_T35I)
hCoV-19/Colombia/SAN-INS-VG-31700/2024	EPI_ISL_19270985	2024-06-11	South America / Colombia / Santander	Human	Male	92	Live	Original	KP.2.3 (consensus call)	(NSP5_P132H,Spike_H69del,NSP3_T1465I,NSP3_G489S,Spike_L24del,NSP4_T327I,Spike_S373P,Spike_N969K,Spike_H655Y,Spike_E484K,Spike_R21T,NSP3_A1892T,Spike_Q954H,NSP2_M418K,N_P13L,Spike_N501Y,Spike_P25del,Spike_S939F,NS3_T223I,Spike_T19I,M_Q19E,NSP4_T492I,Spike_L455S,Spike_N460K,Spike_L212I,NSP6_G107del,Spike_E554K,NSP3_K1155R,Spike_P1143L,Spike_F486P,Spike_K356T,Spike_R408S,M_A104V,Spike_H245N,Spike_P621S,Spike_S375F,Spike_Q498R,Spike_A570V,NSP3_V238L,N_E31del,NSP6_R252K,NSP15_T112I,NSP3_S211T,Spike_I332V,E_T9I,Spike_P26del,NSP12_P323L,Spike_D614G,Spike_V483del,NS7b_F19L,Spike_S50L,N_R203K,Spike_V213G,Spike_G142D,Spike_A27S,Spike_F157S,N_R32del,Spike_H146Q,NSP3_N1708S,Spike_N440K,Spike_F456L,M_T30A,Spike_N679K,Spike_N764K,Spike_R403K,Spike_Y505H,Spike_L216F,M_D3H,Spike_D796Y,N_G204R,Spike_T478K,N_S413R,Spike_V127F,NS3_K67N,M_A63T,Spike_V1104L,Spike_R346T,Spike_N481K,Spike_S371F,Spike_S31del,Spike_N450D,NSP13_R392C,Spike_K417N,Spike_T376A,NSP6_S106del,Spike_V445H,Spike_P681R,NSP6_V24F,Spike_G339H,NSP14_I42V,NSP4_L264F,Spike_Y144del,NSP3_T24I,N_S33del,NSP1_S135R,N_Q229K,Spike_D405N,Spike_G446S,NSP2_A31D,Spike_S477N,Spike_A264D,Spike_N211del,NSP6_F108del,Spike_R158G,Spike_V70del,Spike_L452W,NSP9_T35I)
hCoV-19/Colombia/SAN-INS-VG-31703/2024	EPI_ISL_19270986	2024-06-12	South America / Colombia / Santander	Human	Male	35	Live	Original	JN.1.59 (consensus call)	(NSP5_P132H,Spike_H69del,NS7b_F19L,Spike_S50L,NSP3_G489S,Spike_L24del,NSP4_T327I,Spike_N969K,Spike_H655Y,Spike_E484K,N_R203K,Spike_R21T,NSP3_A1892T,Spike_A27S,Spike_Q954H,N_P13L,N_F307L,Spike_N501Y,Spike_P25del,N_R32del,Spike_S939F,NS3_T223I,Spike_T19I,M_Q19E,NSP3_N1708S,Spike_N440K,NSP4_T492I,Spike_L455S,Spike_N460K,M_T30A,Spike_N679K,Spike_N764K,NSP6_G107del,Spike_Y505H,Spike_L216F,Spike_E554K,M_D3H,NSP3_K1155R,Spike_D796Y,N_G204R,Spike_T478K,N_S413R,M_A63T,NSP3_A386S,Spike_N481K,Spike_P1143L,Spike_S31del,Spike_N450D,NSP13_R392C,Spike_K417N,NSP6_S106del,Spike_V445H,Spike_F486P,Spike_P681R,NSP6_V24F,Spike_R408S,M_A104V,NSP14_I42V,NSP4_L264F,Spike_H245N,NSP3_T24I,Spike_P621S,N_S33del,NSP1_S135R,N_Q229K,Spike_D405N,Spike_Q498R,Spike_G446S,NSP2_A31D,Spike_A570V,Spike_S477N,NSP3_V238L,Spike_A264D,N_E31del,NSP6_R252K,NSP15_T112I,NSP6_F108del,NSP3_I23V,E_T9I,Spike_V70del,Spike_P26del,Spike_L452W,NSP9_T35I,NSP12_P323L,Spike_D614G,Spike_V483del)
hCoV-19/Colombia/SAN-INS-VG-31705/2024	EPI_ISL_19270987	2024-06-15	South America / Colombia / Santander	Human	Male	11	Live	Original	JN.1.59 (consensus call)	(NSP5_P132H,Spike_H69del,NSP3_G489S,Spike_R190S,Spike_L24del,NSP4_T327I,Spike_S373P,Spike_N969K,Spike_H655Y,Spike_E484K,Spike_R21T,NSP3_A1892T,Spike_Q954H,N_P13L,N_F307L,Spike_N501Y,Spike_P25del,Spike_S939F,NS3_T223I,Spike_T19I,M_Q19E,NSP4_T492I,Spike_L455S,Spike_N460K,Spike_L212I,NSP6_G107del,Spike_E554K,NSP3_K1155R,Spike_P1143L,Spike_F486P,Spike_K356T,Spike_R408S,M_A104V,Spike_H245N,Spike_P621S,Spike_S375F,Spike_Q498R,Spike_A570V,NSP3_V238L,N_E31del,NSP6_R252K,NSP15_T112I,Spike_I332V,E_T9I,Spike_P26del,NSP12_P323L,Spike_D614G,Spike_V483del,NS7b_F19L,Spike_S50L,N_R203K,Spike_V213G,Spike_G142D,Spike_A27S,Spike_F157S,N_R32del,NSP3_N1708S,Spike_N440K,M_T30A,Spike_N679K,Spike_N764K,Spike_R403K,Spike_Y505H,Spike_L216F,M_D3H,Spike_D796Y,N_G204R,Spike_T478K,N_S413R,Spike_V127F,M_A63T,NSP3_A386S,Spike_R346T,Spike_N481K,Spike_S371F,Spike_S31del,Spike_N450D,NSP13_R392C,Spike_K417N,Spike_T376A,NSP6_S106del,Spike_V445H,Spike_P681R,NSP6_V24F,Spike_G339H,NSP14_I42V,NSP4_L264F,Spike_Y144del,NSP3_T24I,N_S33del,NSP1_S135R,N_Q229K,Spike_D405N,Spike_G446S,NSP2_A31D,Spike_S477N,Spike_A264D,Spike_N211del,NSP6_F108del,Spike_R158G,NSP3_I23V,Spike_V70del,Spike_L452W,NSP9_T35I)
hCoV-19/Colombia/SAN-INS-VG-31709/2024	EPI_ISL_19270989	2024-02-16	South America / Colombia / Santander	Human	Male	44	Live	Original	XDD.1.1 (consensus call)	(NSP5_P132H,Spike_H69del,NSP2_A510V,NSP3_G489S,Spike_L24del,NSP4_T327I,Spike_S373P,Spike_N969K,Spike_H655Y,Spike_E484K,Spike_R21T,NSP3_A1892T,Spike_Q954H,N_P13L,Spike_P25del,Spike_N501Y,Spike_S939F,NS3_T223I,Spike_T19I,M_Q19E,NSP4_T492I,Spike_L455S,Spike_N460K,NSP3_A41T,Spike_L212I,E_T11A,NSP6_G107del,Spike_E554K,Spike_I584V,NSP3_Q1216P,Spike_P1143L,NS8_G8stop,Spike_F486P,Spike_K356T,Spike_R408S,Spike_P621S,Spike_H245N,Spike_S375F,Spike_Q498R,Spike_A570V,N_E31del,NSP6_R252K,NSP15_T112I,Spike_I332V,E_T9I,Spike_P26del,NSP12_P323L,Spike_S704L,Spike_D614G,Spike_V483del,Spike_S50L,N_R203K,Spike_V213G,Spike_G142D,Spike_A27S,Spike_F157S,N_R32del,NSP3_N1708S,Spike_N440K,Spike_N679K,Spike_N764K,Spike_R403K,Spike_Y505H,Spike_L216F,Spike_D796Y,N_G204R,Spike_T478K,N_S413R,Spike_V127F,M_A63T,Spike_N481K,Spike_S371F,Spike_N450D,NSP13_R392C,Spike_K417N,NSP6_S106del,Spike_T376A,Spike_V445H,Spike_P681R,NSP6_V24F,Spike_G339H,NSP14_I42V,NSP4_L264F,Spike_Y144del,NSP3_T24I,N_S33del,NSP1_S135R,NSP3_G1001S,Spike_D405N,Spike_G446S,Spike_S477N,Spike_A264D,Spike_N211del,NSP6_F108del,Spike_R158G,Spike_V70del,NSP1_K47R,Spike_L452W,NSP9_T35I)
hCoV-19/Colombia/SAN-INS-VG-31711/2024	EPI_ISL_19270990	2024-02-26	South America / Colombia / Santander	Human	Male	39	Live	Original	JN.1	(NSP5_P132H,Spike_H69del,NSP3_G489S,Spike_L24del,NSP4_T327I,Spike_S373P,Spike_N969K,Spike_H655Y,Spike_E484K,Spike_R21T,NSP3_A1892T,Spike_Q954H,N_P13L,Spike_P25del,Spike_N501Y,Spike_S939F,NS3_T223I,Spike_T19I,M_Q19E,NSP4_T492I,Spike_L455S,Spike_N460K,Spike_L212I,NSP6_G107del,Spike_E554K,NSP3_K1155R,Spike_P1143L,Spike_F486P,Spike_K356T,Spike_R408S,M_A104V,Spike_P621S,Spike_H245N,Spike_S375F,Spike_Q498R,Spike_A570V,NSP3_V238L,N_E31del,NSP6_R252K,NSP15_T112I,Spike_I332V,E_T9I,Spike_P26del,NSP12_P323L,Spike_D614G,Spike_V483del,NS7b_F19L,Spike_S50L,N_R203K,Spike_V213G,Spike_G142D,Spike_A27S,Spike_F157S,N_R32del,NSP3_N1708S,Spike_N440K,M_T30A,Spike_N679K,Spike_N764K,Spike_R403K,Spike_Y505H,Spike_L216F,M_D3H,Spike_D796Y,N_G204R,Spike_T478K,N_S413R,Spike_V127F,M_A63T,Spike_N481K,Spike_S371F,Spike_N450D,NSP13_R392C,Spike_K417N,Spike_T376A,NSP6_S106del,Spike_V445H,Spike_P681R,NSP6_V24F,Spike_G339H,NSP14_I42V,NSP4_L264F,Spike_Y144del,NSP3_T24I,N_S33del,NSP1_S135R,N_Q229K,Spike_D405N,Spike_G446S,NSP2_A31D,Spike_S477N,Spike_A264D,Spike_N211del,NSP6_F108del,Spike_R158G,Spike_V70del,Spike_L452W,NSP9_T35I)
hCoV-19/Colombia/DC-INS-VG-31731/2024	EPI_ISL_19346596	2024-07-26	South America / Colombia / Bogota	Human	Female	unknown	Live	Original	LP.1 (consensus call)	(NSP5_P132H,Spike_H69del,NSP3_T1465I,NSP3_G489S,Spike_L24del,NSP4_T327I,Spike_S373P,Spike_N969K,Spike_H655Y,Spike_E484K,Spike_R21T,NSP3_A1892T,Spike_Q954H,N_P13L,Spike_N501Y,Spike_P25del,Spike_S939F,NS3_T223I,Spike_T19I,M_Q19E,NSP4_T492I,Spike_L455S,Spike_N460K,Spike_L212I,NSP6_G107del,Spike_E554K,NSP3_K1155R,Spike_P1143L,Spike_F486P,NSP3_A614V,Spike_K356T,Spike_R408S,M_A104V,Spike_H245N,Spike_P621S,Spike_S375F,Spike_Q498R,Spike_A570V,NSP3_V238L,N_E31del,NSP6_R252K,NSP15_T112I,Spike_I332V,E_T9I,Spike_P26del,NSP12_P323L,Spike_D614G,Spike_V483del,NS7b_F19L,Spike_S50L,Spike_V213G,Spike_G142D,Spike_A27S,Spike_F157S,N_R32del,NSP3_N1708S,Spike_N440K,Spike_F456L,M_T30A,Spike_N679K,Spike_N764K,Spike_R403K,Spike_Y505H,Spike_L216F,M_D3H,Spike_D796Y,Spike_T478K,N_S413R,Spike_V127F,M_A63T,Spike_V1104L,Spike_R346T,Spike_M1229I,Spike_N481K,Spike_S371F,Spike_S31del,Spike_N450D,NSP13_R392C,Spike_K417N,Spike_K1086R,Spike_T376A,NSP6_S106del,Spike_V445H,Spike_P681R,NSP6_V24F,Spike_G339H,NSP14_I42V,NSP4_L264F,Spike_Y144del,NSP3_T24I,N_S33del,NSP1_S135R,Spike_D405N,Spike_G446S,NSP2_A31D,Spike_S477N,Spike_A264D,Spike_N211del,NSP6_F108del,Spike_R158G,Spike_V70del,Spike_L452W,NSP9_T35I)
hCoV-19/Colombia/ATL-INS-VG-31733/2024	EPI_ISL_19346597	2024-06-12	South America / Colombia / Atlantico	Human	Female	89	Hospitalized	Original	LB.1.8 (consensus call)	(NSP5_P132H,Spike_H69del,NSP3_G489S,Spike_L24del,NSP4_T327I,Spike_S373P,Spike_N969K,Spike_H655Y,Spike_E484K,Spike_R21T,NSP3_A1892T,Spike_Q954H,N_P13L,Spike_P25del,Spike_N501Y,Spike_S939F,NS3_T223I,Spike_T19I,M_Q19E,NSP4_T492I,Spike_L455S,Spike_N460K,Spike_L212I,NSP6_G107del,Spike_E554K,NSP3_K1155R,Spike_P1143L,Spike_F486P,Spike_K356T,Spike_R408S,M_A104V,Spike_H245N,Spike_P621S,Spike_S375F,Spike_Q498R,Spike_A570V,NSP3_V238L,N_E31del,NSP6_R252K,Spike_I332V,E_T9I,Spike_P26del,NSP12_P323L,Spike_D614G,Spike_V483del,NS7b_F19L,Spike_S50L,N_R203K,Spike_V213G,Spike_G142D,Spike_A27S,Spike_F157S,N_R32del,NSP3_N1708S,Spike_N440K,Spike_F456L,M_T30A,Spike_N679K,Spike_N764K,Spike_R403K,Spike_Y505H,Spike_L216F,M_D3H,Spike_D796Y,N_G204R,Spike_T478K,N_S413R,Spike_V127F,M_A63T,Spike_R346T,Spike_N481K,Spike_S371F,Spike_N450D,NSP13_R392C,Spike_K417N,Spike_T376A,NSP6_S106del,Spike_V445H,NSP2_I605V,Spike_P681R,NSP6_V24F,Spike_G339H,NSP14_I42V,NSP4_L264F,Spike_Y144del,M_I48V,NSP3_T24I,N_S33del,NSP1_S135R,N_Q229K,Spike_D405N,Spike_Q183H,Spike_G446S,NSP2_A31D,Spike_S477N,Spike_A264D,Spike_N211del,NSP6_F108del,Spike_R158G,Spike_V70del,Spike_L452W,NSP9_T35I)
hCoV-19/Colombia/ATL-INS-VG-31734/2024	EPI_ISL_19346598	2024-05-30	South America / Colombia / Atlantico	Human	Male	63	Live	Original	KP.1.1.3 (consensus call)	(NSP5_P132H,Spike_H69del,NSP3_T1465I,NSP3_G489S,Spike_L24del,NSP4_T327I,Spike_S373P,Spike_N969K,Spike_H655Y,Spike_E484K,Spike_R21T,NSP3_A1892T,Spike_Q954H,N_P13L,Spike_P25del,Spike_N501Y,Spike_S939F,NS3_T223I,Spike_T19I,M_Q19E,NSP4_T492I,Spike_L455S,Spike_N460K,Spike_L212I,NSP6_G107del,Spike_E554K,NSP3_K1155R,Spike_P1143L,Spike_F486P,Spike_K356T,Spike_R408S,NSP8_S170N,M_A104V,Spike_H245N,Spike_P621S,Spike_S375F,Spike_Q498R,Spike_A570V,NSP3_V238L,N_E31del,NSP6_R252K,Spike_I332V,E_T9I,Spike_P26del,NSP12_P323L,Spike_D614G,Spike_V483del,NS7b_F19L,Spike_S50L,N_R203K,Spike_V213G,Spike_G142D,Spike_A27S,Spike_F157S,N_R32del,NSP3_N1708S,Spike_N440K,Spike_F456L,M_T30A,Spike_N679K,Spike_N764K,Spike_R403K,Spike_Y505H,Spike_L216F,M_D3H,N_G204R,Spike_T478K,N_S413R,Spike_V127F,M_A63T,Spike_V1104L,Spike_R346T,Spike_N481K,Spike_S371F,Spike_S31del,Spike_N450D,NSP13_R392C,Spike_K417N,Spike_K1086R,Spike_T376A,NSP6_S106del,Spike_V445H,Spike_P681R,NSP6_V24F,Spike_G339H,NSP14_I42V,NSP4_L264F,Spike_Y144del,NSP3_T24I,N_S33del,NSP1_S135R,N_Q229K,Spike_D405N,Spike_G446S,NSP2_A31D,Spike_S477N,Spike_A264D,Spike_N211del,NSP6_F108del,Spike_R158G,Spike_V70del,Spike_L452W,NSP9_T35I)
hCoV-19/Colombia/GUV-INS-VG-31774/2024	EPI_ISL_19391257	2024-07-18	South America / Colombia / Guaviare	Human	Male	53	Live	Original	KP.1.1.3 (consensus call)	(NSP5_P132H,Spike_H69del,NSP3_T1465I,NSP3_G489S,Spike_L24del,NSP4_T327I,Spike_S373P,Spike_N969K,Spike_H655Y,Spike_E484K,Spike_R21T,NSP3_A1892T,Spike_Q954H,N_P13L,Spike_P25del,Spike_N501Y,Spike_S939F,NS3_T223I,Spike_T19I,M_Q19E,NSP4_T492I,Spike_L455S,Spike_N460K,NSP14_K325R,Spike_L212I,NSP6_G107del,Spike_E554K,NSP3_K1155R,Spike_P1143L,Spike_F486P,Spike_K356T,Spike_R408S,NSP8_S170N,M_A104V,Spike_H245N,Spike_P621S,Spike_S375F,Spike_Q498R,Spike_A570V,NSP3_V238L,N_E31del,NSP6_R252K,NSP15_T112I,Spike_I332V,E_T9I,Spike_P26del,NSP12_P323L,Spike_D614G,Spike_V483del,NS7b_F19L,Spike_S50L,N_R203K,Spike_V213G,Spike_G142D,Spike_A27S,Spike_F157S,N_R32del,NSP3_N1708S,Spike_N440K,Spike_F456L,M_T30A,Spike_N679K,Spike_N764K,Spike_R403K,Spike_Y505H,Spike_L216F,M_D3H,Spike_D796Y,N_G204R,Spike_T478K,N_S413R,Spike_V127F,M_A63T,Spike_V1104L,Spike_R346T,Spike_N481K,Spike_S371F,Spike_S31del,Spike_N450D,NSP13_R392C,Spike_K417N,Spike_K1086R,NSP6_S106del,Spike_T376A,Spike_V445H,Spike_P681R,NSP6_V24F,Spike_G339H,NSP14_I42V,NSP4_L264F,Spike_Y144del,NSP3_T24I,N_S33del,NSP1_S135R,N_Q229K,Spike_D405N,Spike_G446S,NSP2_A31D,Spike_S477N,Spike_A264D,Spike_N211del,NSP6_F108del,Spike_R158G,Spike_V70del,Spike_L452W,NSP9_T35I)
hCoV-19/Colombia/GUV-INS-VG-31775/2024	EPI_ISL_19391258	2024-07-23	South America / Colombia / Guaviare	Human	Female	40	Live	Original	KP.2.3 (consensus call)	(NSP5_P132H,Spike_H69del,NSP3_T1465I,NSP3_G489S,Spike_L24del,NSP4_T327I,Spike_S373P,Spike_N969K,Spike_H655Y,Spike_E484K,Spike_R21T,NSP3_A1892T,Spike_Q954H,N_P13L,Spike_N501Y,Spike_P25del,Spike_S939F,NS3_T223I,Spike_T19I,M_Q19E,NSP4_T492I,Spike_L455S,Spike_N460K,Spike_L212I,NSP6_G107del,Spike_E554K,NSP3_K1155R,Spike_P1143L,Spike_F486P,Spike_K356T,Spike_R408S,M_A104V,Spike_P621S,Spike_H245N,Spike_S375F,Spike_Q498R,Spike_A570V,NSP3_V238L,N_E31del,NSP6_R252K,NSP15_T112I,Spike_I332V,E_T9I,Spike_P26del,NSP12_P323L,Spike_D614G,Spike_V483del,NS7b_F19L,Spike_S50L,N_R203K,Spike_V213G,Spike_G142D,Spike_A27S,Spike_F157S,N_R32del,Spike_H146Q,NSP3_N1708S,Spike_N440K,NSP3_S1428L,Spike_F456L,M_T30A,Spike_N679K,Spike_N764K,Spike_R403K,Spike_Y505H,Spike_L216F,M_D3H,Spike_D796Y,N_G204R,Spike_T478K,N_S413R,Spike_V127F,NS3_K67N,M_A63T,Spike_V1104L,Spike_R346T,Spike_N481K,Spike_S371F,Spike_S31del,Spike_N450D,NSP13_R392C,Spike_K417N,NSP6_S106del,Spike_T376A,Spike_V445H,Spike_P681R,NSP6_V24F,Spike_G339H,NSP14_I42V,NSP4_L264F,Spike_Y144del,NSP3_T24I,N_S33del,NSP1_S135R,N_Q229K,Spike_D405N,Spike_G446S,NSP2_A31D,Spike_S477N,Spike_A264D,Spike_N211del,NSP6_F108del,Spike_R158G,Spike_V70del,Spike_L452W,NSP9_T35I)
hCoV-19/Colombia/NAR-INS-VG-31776/2024	EPI_ISL_19391259	2024-08-05	South America / Colombia / Narino	Human	Male	85	Live	Original	JN.1.59 (consensus call)	(NSP5_P132H,Spike_H69del,NSP3_G489S,Spike_L24del,Spike_R190S,NSP4_T327I,Spike_S373P,Spike_E484K,Spike_N969K,Spike_H655Y,Spike_R21T,NSP3_A1892T,Spike_Q954H,N_P13L,Spike_N501Y,Spike_P25del,Spike_S939F,NS3_T223I,Spike_T19I,M_Q19E,NSP4_T492I,Spike_L455S,Spike_N460K,Spike_L212I,NSP6_G107del,Spike_E554K,NSP3_K1155R,Spike_P1143L,Spike_F486P,Spike_K356T,Spike_R408S,M_A104V,Spike_H245N,Spike_P621S,Spike_S375F,Spike_Q498R,Spike_A570V,NSP3_V238L,N_E31del,NSP6_R252K,NSP15_T112I,Spike_I332V,E_T9I,Spike_P26del,NSP12_P323L,Spike_D614G,Spike_V483del,NS7b_F19L,Spike_S50L,NSP3_T1348I,N_R203K,Spike_V213G,Spike_G142D,Spike_A27S,Spike_F157S,N_R32del,Spike_N440K,NSP3_N1708S,Spike_N679K,Spike_N764K,Spike_Y505H,Spike_R403K,Spike_L216F,M_D3H,Spike_D796Y,N_G204R,Spike_T478K,N_S413R,Spike_V127F,M_A63T,NSP3_A386S,Spike_R346T,Spike_N481K,Spike_S371F,Spike_S31del,Spike_N450D,NSP13_R392C,Spike_K417N,NSP6_S106del,Spike_T376A,Spike_V445H,Spike_P681R,NSP6_V24F,Spike_G339H,NSP14_I42V,NSP4_L264F,Spike_Y144del,NSP3_T24I,N_S33del,NSP1_S135R,N_Q229K,Spike_D405N,Spike_G446S,NSP2_A31D,Spike_S477N,Spike_A264D,Spike_N211del,NSP6_F108del,Spike_R158G,NSP3_I23V,Spike_V70del,Spike_L452W,NSP9_T35I)
hCoV-19/Colombia/LAG-INS-VG-31777/2024	EPI_ISL_19391260	2024-07-02	South America / Colombia / La Guajira	Human	Female	1	unknown	Original	LB.1.8 (consensus call)	(NSP5_P132H,Spike_H69del,NSP3_G489S,Spike_L24del,NSP4_T327I,Spike_S373P,Spike_H655Y,Spike_N969K,Spike_E484K,Spike_R21T,NSP3_A1892T,Spike_Q954H,N_P13L,Spike_N501Y,Spike_P25del,Spike_S939F,NS3_T223I,Spike_T19I,M_Q19E,NSP4_T492I,Spike_L455S,Spike_N460K,Spike_L212I,NSP6_G107del,Spike_E554K,NSP3_K1155R,Spike_P1143L,Spike_F486P,Spike_K356T,Spike_R408S,M_A104V,Spike_H245N,Spike_P621S,Spike_S375F,Spike_Q498R,Spike_A570V,NSP3_V238L,N_E31del,NSP6_R252K,NSP15_T112I,Spike_I332V,E_T9I,Spike_P26del,NSP12_P323L,Spike_D614G,Spike_V483del,NS7b_F19L,Spike_S50L,N_R203K,Spike_G142D,Spike_V213G,Spike_A27S,Spike_F157S,N_R32del,NSP3_N1708S,Spike_N440K,Spike_F456L,M_T30A,Spike_N679K,Spike_N764K,Spike_R403K,Spike_Y505H,Spike_L216F,M_D3H,Spike_D796Y,N_G204R,Spike_T478K,N_S413R,Spike_V127F,M_A63T,Spike_R346T,Spike_N481K,Spike_S371F,Spike_N450D,NSP13_R392C,Spike_K417N,NSP6_S106del,Spike_T376A,NSP2_I605V,Spike_V445H,Spike_P681R,NSP6_V24F,Spike_G339H,NSP14_I42V,NSP4_L264F,Spike_Y144del,NSP3_T24I,N_S33del,NSP1_S135R,N_Q229K,Spike_D405N,Spike_Q183H,Spike_G446S,NSP2_A31D,Spike_S477N,Spike_A264D,Spike_N211del,NSP6_F108del,Spike_R158G,Spike_V70del,Spike_L452W,NSP9_T35I)
hCoV-19/Colombia/LAG-INS-VG-31778/2024	EPI_ISL_19391261	2024-07-02	South America / Colombia / La Guajira	Human	Male	0	unknown	Original	KP.1.1.3 (consensus call)	(NSP5_P132H,Spike_H69del,NSP3_T1465I,Spike_L24del,NSP3_G489S,NSP4_T327I,Spike_S373P,Spike_N969K,Spike_E484K,Spike_H655Y,Spike_R21T,NSP3_A1892T,Spike_Q954H,N_P13L,Spike_P25del,Spike_N501Y,Spike_S939F,NS3_T223I,Spike_T19I,M_Q19E,NSP4_T492I,Spike_L455S,Spike_N460K,Spike_L212I,NSP6_G107del,Spike_E554K,NSP3_K1155R,Spike_P1143L,Spike_F486P,Spike_L5F,Spike_K356T,Spike_R408S,NSP8_S170N,M_A104V,Spike_H245N,Spike_P621S,Spike_S375F,Spike_Q498R,Spike_A570V,NSP3_V238L,N_E31del,NSP6_R252K,NSP15_T112I,Spike_I332V,E_T9I,Spike_P26del,NSP12_P323L,Spike_D614G,Spike_V483del,NS7b_F19L,Spike_S50L,N_R203K,Spike_V213G,Spike_G142D,Spike_A27S,Spike_F157S,N_R32del,NSP3_N1708S,Spike_N440K,Spike_F456L,M_T30A,Spike_N679K,Spike_N764K,Spike_Y505H,Spike_R403K,Spike_L216F,M_D3H,Spike_D796Y,N_G204R,Spike_T478K,N_S413R,Spike_V127F,M_A63T,Spike_V1104L,Spike_R346T,Spike_N481K,Spike_S371F,Spike_S31del,Spike_N450D,NSP13_R392C,Spike_K417N,Spike_K1086R,NSP6_S106del,Spike_T376A,Spike_V445H,Spike_P681R,NSP6_V24F,Spike_G339H,NSP14_I42V,NSP4_L264F,Spike_Y144del,NSP3_T24I,N_S33del,NSP1_S135R,N_Q229K,Spike_D405N,Spike_G446S,NSP2_A31D,Spike_S477N,Spike_A264D,Spike_N211del,NSP6_F108del,Spike_R158G,Spike_V70del,Spike_L452W)
hCoV-19/Colombia/LAG-INS-VG-31779/2024	EPI_ISL_19391262	2024-07-05	South America / Colombia / La Guajira	Human	Male	2	unknown	Original	JN.1.59 (consensus call)	(NSP5_P132H,Spike_H69del,NSP3_G489S,Spike_R190S,Spike_L24del,NSP4_T327I,Spike_S373P,Spike_N969K,Spike_E484K,Spike_H655Y,Spike_R21T,NSP3_A1892T,Spike_Q954H,N_P13L,Spike_N501Y,Spike_P25del,Spike_S939F,NS3_T223I,Spike_T19I,M_Q19E,NSP4_T492I,Spike_L455S,Spike_N460K,Spike_L212I,NSP6_G107del,Spike_E554K,NSP3_K1155R,Spike_P1143L,NSP1_M85del,Spike_F486P,Spike_K356T,Spike_R408S,M_A104V,Spike_P621S,NSP1_G82del,Spike_H245N,Spike_S375F,Spike_Q498R,Spike_A570V,NSP3_V238L,N_E31del,NSP6_R252K,NSP15_T112I,Spike_I332V,E_T9I,Spike_P26del,NSP12_P323L,Spike_D614G,Spike_V483del,NS7b_F19L,Spike_S50L,N_R203K,Spike_G142D,Spike_V213G,Spike_A27S,Spike_F157S,NSP1_H83del,N_R32del,NSP3_N1708S,Spike_N440K,M_T30A,Spike_N679K,Spike_N764K,Spike_Y505H,Spike_R403K,NSP1_V84del,Spike_L216F,M_D3H,Spike_D796Y,N_G204R,Spike_T478K,N_S413R,Spike_V127F,M_A63T,NSP3_A386S,Spike_R346T,Spike_N481K,Spike_S371F,Spike_S31del,Spike_N450D,Spike_K417N,NSP13_R392C,NSP6_S106del,Spike_T376A,Spike_V445H,Spike_P681R,NSP6_V24F,Spike_G339H,NSP14_I42V,NSP4_L264F,Spike_Y144del,NSP3_T24I,N_S33del,NSP1_S135R,N_Q229K,Spike_D405N,Spike_G446S,NSP2_A31D,Spike_S477N,Spike_A264D,Spike_N211del,NSP6_F108del,Spike_R158G,NSP3_I23V,Spike_V70del,Spike_L452W)
hCoV-19/Colombia/LAG-INS-VG-31781/2024	EPI_ISL_19391264	2024-07-09	South America / Colombia / La Guajira	Human	Female	1	unknown	Original	JN.1.59 (consensus call)	(NSP5_P132H,Spike_H69del,Spike_R190S,NSP3_G489S,Spike_L24del,NSP4_T327I,Spike_S373P,Spike_H655Y,Spike_N969K,Spike_E484K,Spike_R21T,NSP3_A1892T,Spike_Q954H,N_P13L,Spike_N501Y,Spike_P25del,Spike_S939F,NS3_T223I,Spike_T19I,M_Q19E,NSP4_T492I,Spike_L455S,Spike_N460K,Spike_L212I,NSP6_G107del,Spike_E554K,NSP3_K1155R,Spike_P1143L,Spike_F486P,Spike_K356T,Spike_R408S,M_A104V,Spike_H245N,Spike_P621S,Spike_S375F,Spike_Q498R,Spike_A570V,NSP3_V238L,N_E31del,NSP15_T112I,NSP6_R252K,Spike_I332V,E_T9I,Spike_P26del,NSP12_P323L,Spike_D614G,NS3_I63T,Spike_V483del,NS7b_F19L,Spike_S50L,N_R203K,Spike_V213G,Spike_G142D,Spike_A27S,Spike_F157S,N_R32del,NSP3_N1708S,Spike_N440K,Spike_N679K,Spike_N764K,Spike_R403K,Spike_Y505H,Spike_L216F,M_D3H,Spike_D796Y,N_G204R,Spike_T478K,N_S413R,Spike_R237S,Spike_V127F,M_A63T,NSP3_A386S,Spike_R346T,Spike_N481K,Spike_S371F,Spike_S31del,Spike_N450D,NSP13_R392C,Spike_K417N,NSP6_S106del,Spike_T376A,Spike_V445H,Spike_P681R,NSP6_V24F,Spike_G339H,NSP14_I42V,NSP4_L264F,Spike_Y144del,NSP3_T24I,N_S33del,NSP1_S135R,N_Q229K,Spike_D405N,Spike_G446S,NSP2_A31D,Spike_S477N,Spike_A264D,Spike_N211del,NSP6_F108del,Spike_R158G,NSP3_I23V,Spike_V70del,Spike_L452W,NSP9_T35I)
hCoV-19/Colombia/LAG-INS-VG-31784/2024	EPI_ISL_19391267	2024-07-15	South America / Colombia / La Guajira	Human	Male	0	unknown	Original	LB.1.8 (consensus call)	(NSP5_P132H,Spike_H69del,NSP3_G489S,Spike_L24del,NSP4_T327I,Spike_S373P,Spike_N969K,Spike_H655Y,Spike_E484K,Spike_R21T,NSP3_A1892T,Spike_Q954H,N_P13L,Spike_N501Y,Spike_P25del,Spike_S939F,NS3_T223I,Spike_T19I,M_Q19E,Spike_L455S,NSP4_T492I,Spike_N460K,Spike_L212I,NSP6_G107del,Spike_E554K,NSP3_K1155R,Spike_P1143L,Spike_F486P,Spike_K356T,Spike_R408S,M_A104V,Spike_H245N,Spike_P621S,Spike_S375F,Spike_Q498R,Spike_A570V,NSP3_V238L,N_E31del,NSP6_R252K,Spike_I332V,E_T9I,Spike_P26del,NSP12_P323L,Spike_D614G,Spike_V483del,NS7b_F19L,Spike_S50L,N_R203K,Spike_G142D,Spike_V213G,Spike_A27S,Spike_F157S,N_R32del,Spike_N440K,NSP3_N1708S,Spike_F456L,M_T30A,Spike_N679K,Spike_N764K,Spike_R403K,Spike_Y505H,Spike_L216F,M_D3H,N_G204R,Spike_T478K,N_S413R,Spike_V127F,M_A63T,Spike_R346T,Spike_N481K,Spike_S371F,Spike_N450D,NSP13_R392C,Spike_K417N,NSP6_S106del,Spike_T376A,NSP2_I605V,Spike_V445H,Spike_P681R,NSP6_V24F,Spike_G339H,NSP14_I42V,NSP4_L264F,Spike_Y144del,NSP3_T24I,N_S33del,NSP1_S135R,N_Q229K,Spike_D405N,Spike_Q183H,Spike_G446S,NSP2_A31D,Spike_S477N,Spike_A264D,Spike_N211del,NSP6_F108del,Spike_R158G,Spike_V70del,Spike_L452W)
hCoV-19/Colombia/LAG-INS-VG-31786/2024	EPI_ISL_19391269	2024-07-22	South America / Colombia / La Guajira	Human	Male	0	unknown	Original	JN.1.59 (consensus call)	(NSP5_P132H,Spike_H69del,NSP3_G489S,Spike_L24del,Spike_R190S,NSP4_T327I,Spike_S373P,Spike_E484K,Spike_N969K,Spike_H655Y,Spike_R21T,NSP3_A1892T,Spike_Q954H,N_P13L,Spike_P25del,Spike_N501Y,Spike_S939F,NS3_T223I,Spike_T19I,M_Q19E,NSP4_T492I,Spike_L455S,Spike_N460K,NSP2_A476V,Spike_L212I,M_C86F,NSP6_G107del,Spike_E554K,NSP3_K1155R,Spike_P1143L,Spike_F486P,Spike_K356T,Spike_R408S,M_A104V,Spike_H245N,Spike_P621S,Spike_S375F,Spike_Q498R,Spike_A570V,NSP3_V238L,N_E31del,NSP15_T112I,NSP6_R252K,Spike_I332V,E_T9I,Spike_P26del,NSP12_P323L,Spike_D614G,Spike_V483del,NS7b_F19L,Spike_S50L,N_R203K,Spike_V213G,Spike_G142D,Spike_A27S,Spike_F157S,N_R32del,NSP3_N1708S,Spike_N440K,Spike_N679K,Spike_N764K,Spike_Y505H,Spike_R403K,Spike_L216F,M_D3H,Spike_D796Y,N_G204R,Spike_T478K,N_S413R,Spike_V127F,M_A63T,NSP3_A386S,Spike_R346T,Spike_N481K,Spike_S371F,Spike_S31del,Spike_N450D,NSP13_R392C,Spike_K417N,Spike_T376A,NSP6_S106del,Spike_V445H,Spike_P681R,NSP6_V24F,Spike_G339H,NSP14_I42V,NSP4_L264F,Spike_Y144del,NSP3_T24I,N_S33del,NSP1_S135R,N_Q229K,Spike_D405N,Spike_G446S,NSP2_A31D,Spike_S477N,Spike_A264D,Spike_N211del,NSP6_F108del,Spike_R158G,NSP3_I23V,Spike_V70del,Spike_L452W)
hCoV-19/Colombia/NAR-INS-VG-31788/2024	EPI_ISL_19391270	2024-08-13	South America / Colombia / Narino	Human	Female	57	Live	Original	JN.1.59 (consensus call)	(NSP5_P132H,Spike_H69del,NSP3_G489S,Spike_R190S,Spike_L24del,NSP4_T327I,Spike_S373P,Spike_H655Y,Spike_N969K,Spike_E484K,Spike_R21T,NSP3_A1892T,Spike_Q954H,N_P13L,Spike_P25del,Spike_N501Y,Spike_S939F,NS3_T223I,Spike_T19I,M_Q19E,NSP4_T492I,Spike_L455S,Spike_N460K,Spike_L212I,NSP6_G107del,Spike_E554K,NSP3_K1155R,Spike_P1143L,Spike_F486P,Spike_K356T,Spike_R408S,M_A104V,Spike_H245N,Spike_P621S,Spike_S375F,Spike_Q498R,Spike_A570V,NSP3_V238L,N_E31del,NSP6_R252K,NSP15_T112I,Spike_I332V,E_T9I,Spike_P26del,NSP12_P323L,Spike_D614G,Spike_V483del,NS7b_F19L,Spike_S50L,NSP3_T1348I,N_R203K,Spike_G142D,Spike_V213G,Spike_A27S,Spike_F157S,N_R32del,NSP3_N1708S,Spike_N440K,M_T30A,Spike_N679K,Spike_N764K,Spike_Y505H,Spike_R403K,Spike_L216F,M_D3H,Spike_D796Y,N_G204R,Spike_T478K,N_S413R,Spike_V127F,M_A63T,NSP3_A386S,Spike_R346T,Spike_N481K,Spike_S371F,Spike_S31del,Spike_N450D,NSP13_R392C,Spike_K417N,Spike_T376A,NSP6_S106del,Spike_V445H,Spike_P681R,NSP6_V24F,Spike_G339H,NSP14_I42V,NSP4_L264F,Spike_Y144del,NSP3_T24I,N_S33del,NSP1_S135R,N_Q229K,Spike_D405N,Spike_G446S,NSP2_A31D,Spike_S477N,Spike_A264D,Spike_N211del,NSP6_F108del,Spike_R158G,NSP3_I23V,Spike_V70del,Spike_L452W,NSP9_T35I)
hCoV-19/Colombia/MET-INS-VG-31758/2024	EPI_ISL_19391281	2024-07-11	South America / Colombia / Meta	Human	Male	38	Live	Original	KP.1.1.3 (consensus call)	(NSP5_P132H,Spike_H69del,NSP3_T1465I,NSP3_G489S,Spike_L24del,NSP4_T327I,Spike_S373P,Spike_H655Y,Spike_E484K,Spike_N969K,Spike_R21T,NSP3_A1892T,Spike_Q954H,N_P13L,Spike_N501Y,Spike_P25del,Spike_S939F,NS3_T223I,Spike_T19I,M_Q19E,NSP4_T492I,Spike_L455S,Spike_N460K,Spike_L212I,NSP6_G107del,Spike_E554K,NSP3_K1155R,Spike_P1143L,Spike_F486P,Spike_K356T,Spike_R408S,NSP8_S170N,M_A104V,Spike_P621S,Spike_H245N,Spike_S375F,Spike_Q498R,Spike_A570V,NSP3_V238L,N_E31del,NSP6_R252K,Spike_I332V,E_T9I,Spike_P26del,NSP12_P323L,Spike_D614G,Spike_V483del,NS7b_F19L,Spike_S50L,N_R203K,Spike_V213G,Spike_G142D,Spike_A27S,Spike_F157S,N_R32del,NSP3_N1708S,Spike_N440K,Spike_F456L,M_T30A,Spike_N679K,Spike_N764K,Spike_R403K,Spike_Y505H,Spike_L216F,M_D3H,Spike_D796Y,N_G204R,Spike_T478K,N_S413R,Spike_V127F,M_A63T,Spike_V1104L,Spike_R346T,Spike_N481K,Spike_S371F,Spike_S31del,Spike_N450D,NSP13_R392C,Spike_K417N,Spike_K1086R,NSP6_S106del,Spike_T376A,Spike_V445H,Spike_P681R,NSP6_V24F,Spike_G339H,NSP14_I42V,NSP4_L264F,Spike_Y144del,NSP3_T24I,N_S33del,NSP1_S135R,N_Q229K,Spike_D405N,Spike_G446S,NSP2_A31D,Spike_S477N,Spike_A264D,Spike_N211del,NSP6_F108del,Spike_R158G,Spike_V70del,Spike_L452W,NSP9_T35I)
hCoV-19/Colombia/MET-INS-VG-31759/2024	EPI_ISL_19391282	2024-07-11	South America / Colombia / Meta	Human	Male	6	Live	Original	JN.1.11.1 (consensus call)	(NSP5_P132H,Spike_H69del,NSP3_T1465I,NS7b_F19L,Spike_S50L,NSP3_G489S,Spike_L24del,NSP4_T327I,Spike_H655Y,Spike_N969K,Spike_E484K,N_R203K,Spike_R21T,NSP3_A1892T,Spike_A27S,Spike_Q954H,N_P13L,Spike_N501Y,Spike_P25del,N_R32del,Spike_S939F,NS3_T223I,Spike_T19I,M_Q19E,NSP3_N1708S,Spike_N440K,NSP4_T492I,Spike_L455S,Spike_N460K,Spike_F456L,M_T30A,Spike_N679K,Spike_N764K,NSP6_G107del,Spike_Y505H,Spike_L216F,Spike_E554K,M_D3H,NSP3_K1155R,Spike_D796Y,N_G204R,Spike_T478K,N_S413R,M_A63T,Spike_V1104L,NSP1_L46I,Spike_N481K,Spike_P1143L,Spike_N450D,Spike_K417N,NSP13_R392C,NSP6_S106del,Spike_V445H,Spike_F486P,Spike_P681R,NSP6_V24F,Spike_R408S,M_A104V,NSP14_I42V,Spike_Q1201K,NSP4_L264F,Spike_P621S,NSP3_T24I,Spike_H245N,N_S33del,NSP1_S135R,N_Q229K,Spike_D405N,Spike_Q498R,Spike_G446S,NSP2_A31D,Spike_A570V,Spike_S477N,NSP3_V238L,Spike_A264D,N_E31del,NSP6_R252K,NSP15_T112I,NSP6_F108del,E_T9I,Spike_V70del,Spike_P26del,NS7a_F114L,Spike_L452W,NSP9_T35I,NSP12_P323L,Spike_D614G,Spike_V483del)
hCoV-19/Colombia/MET-INS-VG-31762/2024	EPI_ISL_19391284	2024-07-16	South America / Colombia / Meta	Human	Female	59	Live	Original	KP.2.1 (consensus call)	(NSP5_P132H,Spike_H69del,NSP3_T1465I,NSP3_G489S,Spike_L24del,NSP4_T327I,Spike_S373P,Spike_N969K,Spike_H655Y,Spike_E484K,Spike_R21T,NSP3_A1892T,Spike_Q954H,N_P13L,Spike_N501Y,Spike_P25del,Spike_S939F,NS3_T223I,Spike_T19I,M_Q19E,NSP4_T492I,Spike_L455S,Spike_N460K,Spike_L212I,NSP6_G107del,Spike_E554K,NSP3_K1155R,Spike_P1143L,Spike_F486P,Spike_K356T,Spike_R408S,M_A104V,Spike_P621S,Spike_H245N,Spike_S375F,Spike_Q498R,Spike_A570V,NSP3_V238L,N_E31del,NSP6_R252K,NSP15_T112I,Spike_I332V,E_T9I,Spike_P26del,NSP12_P323L,Spike_D614G,Spike_V483del,NS7b_F19L,Spike_S50L,N_R203K,Spike_G142D,Spike_V213G,Spike_A27S,Spike_F157S,N_R32del,NS3_G172C,Spike_N440K,NSP3_N1708S,Spike_F456L,Spike_N679K,Spike_N764K,Spike_Y505H,Spike_R403K,Spike_L216F,M_D3H,Spike_D796Y,N_G204R,Spike_T478K,N_S413R,Spike_V127F,M_A63T,Spike_V1104L,Spike_R346T,NSP1_L46I,Spike_N481K,Spike_S371F,Spike_N450D,NSP13_R392C,Spike_K417N,NSP6_S106del,Spike_T376A,Spike_V445H,Spike_P681R,NSP6_V24F,Spike_G339H,NSP14_I42V,Spike_Q1201K,NSP4_L264F,Spike_Y144del,NSP3_T24I,N_S33del,NSP1_S135R,N_Q229K,Spike_D405N,Spike_G446S,NSP2_A31D,Spike_S477N,Spike_A264D,Spike_N211del,NSP6_F108del,Spike_R158G,Spike_V70del,Spike_L452W,NSP9_T35I)
hCoV-19/Colombia/MET-INS-VG-31765/2024	EPI_ISL_19391287	2024-07-18	South America / Colombia / Meta	Human	Female	71	Live	Original	KP.1.1.3 (consensus call)	(NSP5_P132H,Spike_H69del,NSP3_T1465I,NSP3_G489S,Spike_L24del,NSP4_T327I,Spike_S373P,Spike_E484K,Spike_H655Y,Spike_N969K,Spike_R21T,NSP3_A1892T,Spike_Q954H,N_P13L,Spike_P25del,Spike_N501Y,Spike_S939F,NS3_T223I,Spike_T19I,M_Q19E,NSP4_T492I,Spike_L455S,Spike_N460K,Spike_L212I,NSP6_G107del,Spike_E554K,NSP3_K1155R,Spike_P1143L,Spike_F486P,Spike_K356T,Spike_R408S,NSP8_S170N,M_A104V,Spike_P621S,Spike_H245N,Spike_S375F,Spike_Q498R,Spike_A570V,NSP3_V238L,N_E31del,NSP15_T112I,NSP6_R252K,Spike_I332V,E_T9I,Spike_P26del,NSP12_P323L,Spike_D614G,Spike_V483del,NS7b_F19L,Spike_S50L,N_R203K,Spike_V213G,Spike_G142D,Spike_A27S,Spike_F157S,N_R32del,NSP3_N1708S,Spike_N440K,Spike_F456L,M_T30A,Spike_N679K,Spike_N764K,Spike_R403K,Spike_Y505H,Spike_L216F,M_D3H,Spike_D796Y,N_G204R,Spike_T478K,N_S413R,NSP6_G48S,Spike_V127F,M_A63T,Spike_V1104L,Spike_R346T,Spike_N481K,Spike_S371F,Spike_S31del,Spike_N450D,NSP13_R392C,Spike_K417N,Spike_K1086R,NSP6_S106del,Spike_T376A,Spike_V445H,Spike_P681R,NSP6_V24F,Spike_G339H,NSP14_I42V,NSP4_L264F,Spike_Y144del,NSP3_T24I,N_S33del,NSP1_S135R,N_Q229K,Spike_D405N,Spike_G446S,NSP2_A31D,Spike_S477N,Spike_A264D,Spike_N211del,NSP6_F108del,Spike_R158G,Spike_V70del,Spike_L452W,NSP9_T35I)
hCoV-19/Colombia/MET-INS-VG-31767/2024	EPI_ISL_19391289	2024-07-21	South America / Colombia / Meta	Human	Female	23	Live	Original	LF.3.1 (consensus call)	(NSP5_P132H,NSP3_G489S,Spike_L24del,NSP4_T327I,Spike_S373P,Spike_E484K,Spike_N969K,Spike_H655Y,Spike_R21T,NSP3_A1892T,Spike_Q954H,N_P13L,Spike_N501Y,Spike_P25del,Spike_S939F,NS3_T223I,Spike_T19I,M_Q19E,NSP2_E359D,NSP4_T492I,Spike_L455S,Spike_N460K,Spike_L212I,NSP6_G107del,Spike_E554K,NSP3_K1155R,Spike_P1143L,Spike_F486P,Spike_K356T,Spike_R408S,M_A104V,Spike_P621S,Spike_S375F,Spike_Q498R,Spike_A570V,NSP3_V238L,N_E31del,NSP6_R252K,NSP15_T112I,Spike_I332V,E_T9I,Spike_P26del,NSP12_P323L,Spike_D614G,Spike_V483del,NS7b_F19L,N_R203K,Spike_G142D,Spike_V213G,Spike_A27S,Spike_F157S,N_R32del,NSP3_N1708S,Spike_N440K,Spike_F456L,Spike_N679K,Spike_N764K,Spike_Y505H,Spike_R403K,Spike_L216F,M_D3H,Spike_D796Y,N_G204R,Spike_T478K,N_S413R,Spike_D745A,Spike_V127F,M_A63T,Spike_R346T,Spike_N481K,Spike_S371F,Spike_V445P,Spike_N450D,NSP13_R392C,Spike_K417N,NSP6_S106del,NSP10_A32V,Spike_T376A,Spike_P681R,NSP6_V24F,Spike_G339H,NSP14_I42V,NSP4_L264F,Spike_Y144del,NSP3_T24I,N_S33del,NSP1_S135R,N_Q229K,Spike_D405N,Spike_G446S,NSP2_A31D,Spike_S477N,Spike_N211del,NSP6_F108del,Spike_R158G,Spike_L452W,NSP9_T35I)